{
    "summary": {
        "rows": 595212,
        "columns": 19,
        "missing_values": {
            "ps_ind_07_bin": 0.0,
            "ps_ind_16_bin": 0.0,
            "ps_car_07_cat": 0.0,
            "ps_ind_17_bin": 0.0,
            "ps_reg_01": 0.0,
            "ps_car_12": 0.0,
            "ps_car_03_cat": 0.0,
            "ps_ind_06_bin": 0.0,
            "ps_reg_03": 0.0,
            "ps_car_02_cat": 0.0,
            "ps_car_15": 0.0,
            "ps_ind_01": 0.0,
            "ps_car_13": 0.0,
            "ps_ind_02_cat": 0.0,
            "ps_car_04_cat": 0.0,
            "ps_ind_05_cat": 0.0,
            "ps_ind_03": 0.0,
            "ps_reg_02": 0.0,
            "target": 0.0
        },
        "target_distribution": {
            "0": 0.963552482140817,
            "1": 0.036447517859182946
        },
        "data_types": {
            "integer": 13,
            "float": 6
        },
        "feature_stats": {
            "ps_ind_07_bin": {
                "mean": 0.25703278831743986,
                "std": 0.43699800329905597,
                "min": 0.0,
                "max": 1.0
            },
            "ps_ind_16_bin": {
                "mean": 0.6608233704965626,
                "std": 0.47343026948623873,
                "min": 0.0,
                "max": 1.0
            },
            "ps_car_07_cat": {
                "mean": 0.9100270155843632,
                "std": 0.3471062968935841,
                "min": -1.0,
                "max": 1.0
            },
            "ps_ind_17_bin": {
                "mean": 0.12108122820104433,
                "std": 0.3262219231952268,
                "min": 0.0,
                "max": 1.0
            },
            "ps_reg_01": {
                "mean": 0.6109913778620055,
                "std": 0.2876426191567628,
                "min": 0.0,
                "max": 0.9
            },
            "ps_car_12": {
                "mean": 0.37994481509482037,
                "std": 0.058326955342643906,
                "min": -1.0,
                "max": 1.2649110641
            },
            "ps_car_03_cat": {
                "mean": -0.504899094776315,
                "std": 0.7886542919777096,
                "min": -1.0,
                "max": 1.0
            },
            "ps_ind_06_bin": {
                "mean": 0.39374206165198283,
                "std": 0.48857921731096843,
                "min": 0.0,
                "max": 1.0
            },
            "ps_reg_03": {
                "mean": 0.5511018410425681,
                "std": 0.7935057673192705,
                "min": -1.0,
                "max": 4.0379450219
            },
            "ps_car_02_cat": {
                "mean": 0.8299311841831146,
                "std": 0.37571591875229604,
                "min": -1.0,
                "max": 1.0
            },
            "ps_car_15": {
                "mean": 3.065899443364819,
                "std": 0.7313662258559173,
                "min": 0.0,
                "max": 3.7416573868
            },
            "ps_ind_01": {
                "mean": 1.9003783525869775,
                "std": 1.983789117505386,
                "min": 0.0,
                "max": 7.0
            },
            "ps_car_13": {
                "mean": 0.8132646756363582,
                "std": 0.22458809635959737,
                "min": 0.2506190682,
                "max": 3.7206260026
            },
            "ps_ind_02_cat": {
                "mean": 1.3589426960477948,
                "std": 0.664594112829813,
                "min": -1.0,
                "max": 4.0
            },
            "ps_car_04_cat": {
                "mean": 0.7251920324187012,
                "std": 2.15346289177885,
                "min": 0.0,
                "max": 9.0
            },
            "ps_ind_05_cat": {
                "mean": 0.40518840345960766,
                "std": 1.3506422895863313,
                "min": -1.0,
                "max": 6.0
            },
            "ps_ind_03": {
                "mean": 4.423318078264551,
                "std": 2.6999019606851284,
                "min": 0.0,
                "max": 11.0
            },
            "ps_reg_02": {
                "mean": 0.4391843578422479,
                "std": 0.4042642857449051,
                "min": 0.0,
                "max": 1.8
            },
            "target": {
                "mean": 0.036447517859182946,
                "std": 0.18740105470266152,
                "min": 0.0,
                "max": 1.0
            }
        }
    },
    "sample_data": [
        {
            "ps_ind_07_bin": 1,
            "ps_ind_16_bin": 0,
            "ps_car_07_cat": 1,
            "ps_ind_17_bin": 1,
            "ps_reg_01": 0.7,
            "ps_car_12": 0.4,
            "ps_car_03_cat": -1,
            "ps_ind_06_bin": 0,
            "ps_reg_03": 0.7180703308,
            "ps_car_02_cat": 1,
            "ps_car_15": 3.6055512755,
            "ps_ind_01": 2,
            "ps_car_13": 0.8836789178,
            "ps_ind_02_cat": 2,
            "ps_car_04_cat": 0,
            "ps_ind_05_cat": 0,
            "ps_ind_03": 5,
            "ps_reg_02": 0.2,
            "target": 0
        },
        {
            "ps_ind_07_bin": 0,
            "ps_ind_16_bin": 0,
            "ps_car_07_cat": 1,
            "ps_ind_17_bin": 0,
            "ps_reg_01": 0.8,
            "ps_car_12": 0.316227766,
            "ps_car_03_cat": -1,
            "ps_ind_06_bin": 0,
            "ps_reg_03": 0.7660776723,
            "ps_car_02_cat": 1,
            "ps_car_15": 2.4494897428,
            "ps_ind_01": 1,
            "ps_car_13": 0.6188165191,
            "ps_ind_02_cat": 1,
            "ps_car_04_cat": 0,
            "ps_ind_05_cat": 0,
            "ps_ind_03": 7,
            "ps_reg_02": 0.4,
            "target": 0
        },
        {
            "ps_ind_07_bin": 0,
            "ps_ind_16_bin": 1,
            "ps_car_07_cat": 1,
            "ps_ind_17_bin": 0,
            "ps_reg_01": 0.0,
            "ps_car_12": 0.316227766,
            "ps_car_03_cat": -1,
            "ps_ind_06_bin": 0,
            "ps_reg_03": -1.0,
            "ps_car_02_cat": 1,
            "ps_car_15": 3.3166247904,
            "ps_ind_01": 5,
            "ps_car_13": 0.6415857163,
            "ps_ind_02_cat": 4,
            "ps_car_04_cat": 0,
            "ps_ind_05_cat": 0,
            "ps_ind_03": 9,
            "ps_reg_02": 0.0,
            "target": 0
        },
        {
            "ps_ind_07_bin": 0,
            "ps_ind_16_bin": 1,
            "ps_car_07_cat": 1,
            "ps_ind_17_bin": 0,
            "ps_reg_01": 0.9,
            "ps_car_12": 0.3741657387,
            "ps_car_03_cat": 0,
            "ps_ind_06_bin": 1,
            "ps_reg_03": 0.5809475019,
            "ps_car_02_cat": 1,
            "ps_car_15": 2.0,
            "ps_ind_01": 0,
            "ps_car_13": 0.5429487899,
            "ps_ind_02_cat": 1,
            "ps_car_04_cat": 0,
            "ps_ind_05_cat": 0,
            "ps_ind_03": 2,
            "ps_reg_02": 0.2,
            "target": 0
        },
        {
            "ps_ind_07_bin": 0,
            "ps_ind_16_bin": 1,
            "ps_car_07_cat": 1,
            "ps_ind_17_bin": 0,
            "ps_reg_01": 0.7,
            "ps_car_12": 0.3160696126,
            "ps_car_03_cat": -1,
            "ps_ind_06_bin": 0,
            "ps_reg_03": 0.8423675491,
            "ps_car_02_cat": 1,
            "ps_car_15": 2.6457513111,
            "ps_ind_01": 3,
            "ps_car_13": 0.7682176572,
            "ps_ind_02_cat": 2,
            "ps_car_04_cat": 0,
            "ps_ind_05_cat": 0,
            "ps_ind_03": 6,
            "ps_reg_02": 0.5,
            "target": 0
        }
    ]
}
